"Word","itemAcc"
"bode",0.479452054794521
"critique",0.219178082191781
"reference",0.452054794520548
"suffice",0.424657534246575
