"Word","itemAcc"
"bicker",0.486111111111111
"brainwash",0.430555555555556
"commandeer",0.305555555555556
