"participant","pptAcc"
"R_1CClRzNhgM0LJ53",0.395522388059701
"R_3PcNKqAr6JTfR7M",0.425373134328358
"R_AyApzlVymvmCZUJ",0.462686567164179
"R_vdzotVlC1fqfRK1",0.548507462686567
